kd_kegiatan,asal_dana,mak,tahun_anggaran,kd_satker_str,status_umumkan_rup,asal_dana_satker,id_paket_anggaran_swakelola,jenis_dana_apbn,pagu,sumber_dana,jenis_klpd,nama_klpd,status_delete_rup,kd_satker,kd_rup_lokal,nama_satker,tahun_anggaran_dana,kd_komponen,kd_subkegiatan,status_aktif_rup,kd_klpd,kd_rup,asal_dana_klpd,last_update_ref
13834096,K34,DL.4057.SCO.026.057.0B.524111,2026,452652,Terumumkan,Balai Besar Pelatihan Vokasi dan Produktivitas Makassar,593924000,RUPIAH MURNI,7048000,APBN,KEMENTERIAN,Kementerian Ketenagakerjaan,false,14123,,Balai Besar Pelatihan Vokasi dan Produktivitas Makassar,2026,5299598,,true,K34,43133489,Kementerian Ketenagakerjaan,57dbe10c-25b3-5ac2-8bdd-35321ac7748f.MYYEmXEb4YHh-NYV.ZIL-yX29u6BA9DGulrXaCU4OlN8C1BDI7zfwmv4ss68
13767529,K34,DN.2175.BDC.006.051.0b.522131,2026,259322,Terumumkan,BALAI BESAR PERLUASAN KESEMPATAN KERJA,591352562,PNBP,638220000,APBN,KEMENTERIAN,Kementerian Ketenagakerjaan,false,14075,,BALAI BESAR PERLUASAN KESEMPATAN KERJA,2026,5281619,,true,K34,42916230,Kementerian Ketenagakerjaan,57dbe10c-25b3-5ac2-8bdd-35321ac7748f.MYYEmXEb4YHh-NYV.ZIL-yX29u6BA9DGulrXaCU4OlN8C1BDI7zfwmv4ss68
13610373,K34,DL.4057.SCO.030.055.0A.522151,2026,051102,Terumumkan,Balai Pelatihan Vokasi dan Produktivitas Banyuwangi,600991996,PNBP,4800000,APBN,KEMENTERIAN,Kementerian Ketenagakerjaan,false,152210,,Balai Pelatihan Vokasi dan Produktivitas Banyuwangi,2026,5407683,,true,K34,43532304,Kementerian Ketenagakerjaan,57dbe10c-25b3-5ac2-8bdd-35321ac7748f.MYYEmXEb4YHh-NYV.ZIL-yX29u6BA9DGulrXaCU4OlN8C1BDI7zfwmv4ss68
13834096,K34,DL.4057.SCO.027.061.0B.521115,2026,452652,Terumumkan,Balai Besar Pelatihan Vokasi dan Produktivitas Makassar,593914435,RUPIAH MURNI,6940000,APBN,KEMENTERIAN,Kementerian Ketenagakerjaan,false,14123,,Balai Besar Pelatihan Vokasi dan Produktivitas Makassar,2026,5299587,,true,K34,43132241,Kementerian Ketenagakerjaan,57dbe10c-25b3-5ac2-8bdd-35321ac7748f.MYYEmXEb4YHh-NYV.ZIL-yX29u6BA9DGulrXaCU4OlN8C1BDI7zfwmv4ss68
13834096,K34,DL.4057.SCO.026.052.0B.521213,2026,452652,Terumumkan,Balai Besar Pelatihan Vokasi dan Produktivitas Makassar,593926672,RUPIAH MURNI,2400000,APBN,KEMENTERIAN,Kementerian Ketenagakerjaan,false,14123,,Balai Besar Pelatihan Vokasi dan Produktivitas Makassar,2026,5299571,,true,K34,43133816,Kementerian Ketenagakerjaan,57dbe10c-25b3-5ac2-8bdd-35321ac7748f.MYYEmXEb4YHh-NYV.ZIL-yX29u6BA9DGulrXaCU4OlN8C1BDI7zfwmv4ss68
13666446,K34,DN.2175.BEI.010.051.0A.526312,2026,626041,Terumumkan,Direktorat Bina Perluasan Kesempatan Kerja,582856851,PNBP,18000000000,APBN,KEMENTERIAN,Kementerian Ketenagakerjaan,false,179088,,Direktorat Bina Perluasan Kesempatan Kerja,2026,5224491,,true,K34,42092444,Kementerian Ketenagakerjaan,57dbe10c-25b3-5ac2-8bdd-35321ac7748f.MYYEmXEb4YHh-NYV.ZIL-yX29u6BA9DGulrXaCU4OlN8C1BDI7zfwmv4ss68
13610373,K34,DL.4057.SCO.030.052.0A.522151,2026,051102,Terumumkan,Balai Pelatihan Vokasi dan Produktivitas Banyuwangi,600958732,PNBP,8000000,APBN,KEMENTERIAN,Kementerian Ketenagakerjaan,false,152210,,Balai Pelatihan Vokasi dan Produktivitas Banyuwangi,2026,5407686,,true,K34,43531412,Kementerian Ketenagakerjaan,57dbe10c-25b3-5ac2-8bdd-35321ac7748f.MYYEmXEb4YHh-NYV.ZIL-yX29u6BA9DGulrXaCU4OlN8C1BDI7zfwmv4ss68
13834096,K34,DL.4057.SCO.037.054.0A.522151,2026,452652,Terumumkan,Balai Besar Pelatihan Vokasi dan Produktivitas Makassar,593891690,RUPIAH MURNI,52400000,APBN,KEMENTERIAN,Kementerian Ketenagakerjaan,false,14123,,Balai Besar Pelatihan Vokasi dan Produktivitas Makassar,2026,5299590,,true,K34,43127313,Kementerian Ketenagakerjaan,57dbe10c-25b3-5ac2-8bdd-35321ac7748f.MYYEmXEb4YHh-NYV.ZIL-yX29u6BA9DGulrXaCU4OlN8C1BDI7zfwmv4ss68
13610373,K34,DL.4057.SCO.030.052.0A.521213,2026,051102,Terumumkan,Balai Pelatihan Vokasi dan Produktivitas Banyuwangi,600958763,PNBP,5800000,APBN,KEMENTERIAN,Kementerian Ketenagakerjaan,false,152210,,Balai Pelatihan Vokasi dan Produktivitas Banyuwangi,2026,5407686,,true,K34,43531414,Kementerian Ketenagakerjaan,57dbe10c-25b3-5ac2-8bdd-35321ac7748f.MYYEmXEb4YHh-NYV.ZIL-yX29u6BA9DGulrXaCU4OlN8C1BDI7zfwmv4ss68
13834096,K34,DL.4057.SCO.037.051.0B.521115,2026,452652,Terumumkan,Balai Besar Pelatihan Vokasi dan Produktivitas Makassar,593910220,RUPIAH MURNI,6940000,APBN,KEMENTERIAN,Kementerian Ketenagakerjaan,false,14123,,Balai Besar Pelatihan Vokasi dan Produktivitas Makassar,2026,5299577,,true,K34,43131715,Kementerian Ketenagakerjaan,57dbe10c-25b3-5ac2-8bdd-35321ac7748f.MYYEmXEb4YHh-NYV.ZIL-yX29u6BA9DGulrXaCU4OlN8C1BDI7zfwmv4ss68
13666446,K34,DN.2175.QEA.001.051.0A.526312,2026,626041,Terumumkan,Direktorat Bina Perluasan Kesempatan Kerja,583477641,RUPIAH MURNI,10340000000,APBN,KEMENTERIAN,Kementerian Ketenagakerjaan,false,179088,,Direktorat Bina Perluasan Kesempatan Kerja,2026,5224493,,true,K34,42092570,Kementerian Ketenagakerjaan,57dbe10c-25b3-5ac2-8bdd-35321ac7748f.MYYEmXEb4YHh-NYV.ZIL-yX29u6BA9DGulrXaCU4OlN8C1BDI7zfwmv4ss68
13834096,K34,DL.4057.SCO.027.057.0A.521219,2026,452652,Terumumkan,Balai Besar Pelatihan Vokasi dan Produktivitas Makassar,593918089,RUPIAH MURNI,2176000,APBN,KEMENTERIAN,Kementerian Ketenagakerjaan,false,14123,,Balai Besar Pelatihan Vokasi dan Produktivitas Makassar,2026,5299592,,true,K34,43132727,Kementerian Ketenagakerjaan,57dbe10c-25b3-5ac2-8bdd-35321ac7748f.MYYEmXEb4YHh-NYV.ZIL-yX29u6BA9DGulrXaCU4OlN8C1BDI7zfwmv4ss68
13834096,K34,DL.4057.SCO.026.054.0B.521115,2026,452652,Terumumkan,Balai Besar Pelatihan Vokasi dan Produktivitas Makassar,593930456,RUPIAH MURNI,6940000,APBN,KEMENTERIAN,Kementerian Ketenagakerjaan,false,14123,,Balai Besar Pelatihan Vokasi dan Produktivitas Makassar,2026,5299579,,true,K34,43134193,Kementerian Ketenagakerjaan,57dbe10c-25b3-5ac2-8bdd-35321ac7748f.MYYEmXEb4YHh-NYV.ZIL-yX29u6BA9DGulrXaCU4OlN8C1BDI7zfwmv4ss68
13767529,K34,DN.2175.BDC.006.051.0b.522131,2026,259322,Terumumkan,BALAI BESAR PERLUASAN KESEMPATAN KERJA,591353200,PNBP,638220000,APBN,KEMENTERIAN,Kementerian Ketenagakerjaan,false,14075,,BALAI BESAR PERLUASAN KESEMPATAN KERJA,2026,5281619,,true,K34,42916320,Kementerian Ketenagakerjaan,57dbe10c-25b3-5ac2-8bdd-35321ac7748f.MYYEmXEb4YHh-NYV.ZIL-yX29u6BA9DGulrXaCU4OlN8C1BDI7zfwmv4ss68
13767529,K34,DN.2175.BDC.006.051.0B.522131,2026,259322,Terumumkan,BALAI BESAR PERLUASAN KESEMPATAN KERJA,590019815,PNBP,638220000,APBN,KEMENTERIAN,Kementerian Ketenagakerjaan,false,14075,,BALAI BESAR PERLUASAN KESEMPATAN KERJA,2026,5281619,,true,K34,42789773,Kementerian Ketenagakerjaan,57dbe10c-25b3-5ac2-8bdd-35321ac7748f.MYYEmXEb4YHh-NYV.ZIL-yX29u6BA9DGulrXaCU4OlN8C1BDI7zfwmv4ss68
,K34,DL.4053.PDI.004.051.0B.521211,2026,452533,Terumumkan,Sekretariat Badan Nasional Sertifikasi Profesi,601110493,PNBP,10000000,APBN,KEMENTERIAN,Kementerian Ketenagakerjaan,false,14108,,Sekretariat Badan Nasional Sertifikasi Profesi,2026,5143606,,true,K34,43535549,Kementerian Ketenagakerjaan,57dbe10c-25b3-5ac2-8bdd-35321ac7748f.MYYEmXEb4YHh-NYV.ZIL-yX29u6BA9DGulrXaCU4OlN8C1BDI7zfwmv4ss68
13834096,K34,DL.4057.SCO.037.055.0A.521219,2026,452652,Terumumkan,Balai Besar Pelatihan Vokasi dan Produktivitas Makassar,593900335,RUPIAH MURNI,2176000,APBN,KEMENTERIAN,Kementerian Ketenagakerjaan,false,14123,,Balai Besar Pelatihan Vokasi dan Produktivitas Makassar,2026,5299582,,true,K34,43130405,Kementerian Ketenagakerjaan,57dbe10c-25b3-5ac2-8bdd-35321ac7748f.MYYEmXEb4YHh-NYV.ZIL-yX29u6BA9DGulrXaCU4OlN8C1BDI7zfwmv4ss68
13610373,K34,DL.4057.SCO.030.051.0A.521213,2026,051102,Terumumkan,Balai Pelatihan Vokasi dan Produktivitas Banyuwangi,600957816,PNBP,4350000,APBN,KEMENTERIAN,Kementerian Ketenagakerjaan,false,152210,,Balai Pelatihan Vokasi dan Produktivitas Banyuwangi,2026,5407684,,true,K34,43531314,Kementerian Ketenagakerjaan,57dbe10c-25b3-5ac2-8bdd-35321ac7748f.MYYEmXEb4YHh-NYV.ZIL-yX29u6BA9DGulrXaCU4OlN8C1BDI7zfwmv4ss68
13666446,K34,DN.2175.BEI.011.051.0A.526312,2026,626041,Terumumkan,Direktorat Bina Perluasan Kesempatan Kerja,582857653,PNBP,2000000000,APBN,KEMENTERIAN,Kementerian Ketenagakerjaan,false,179088,,Direktorat Bina Perluasan Kesempatan Kerja,2026,5224492,,true,K34,42092528,Kementerian Ketenagakerjaan,57dbe10c-25b3-5ac2-8bdd-35321ac7748f.MYYEmXEb4YHh-NYV.ZIL-yX29u6BA9DGulrXaCU4OlN8C1BDI7zfwmv4ss68
13592111,K34,WA.6622.EBA.994.002.0C.521111,2026,350084,Terumumkan,Balai Besar Keselamatan dan Kesehatan Kerja Jakarta,577349493,RUPIAH MURNI,30298000,APBN,KEMENTERIAN,Kementerian Ketenagakerjaan,false,101569,,Balai Besar Keselamatan dan Kesehatan Kerja Jakarta,2026,5122915,,true,K34,41582834,Kementerian Ketenagakerjaan,57dbe10c-25b3-5ac2-8bdd-35321ac7748f.MYYEmXEb4YHh-NYV.ZIL-yX29u6BA9DGulrXaCU4OlN8C1BDI7zfwmv4ss68
13610373,K34,DL.4057.SCO.030.057.O5.265263,2026,051102,Terumumkan,Balai Pelatihan Vokasi dan Produktivitas Banyuwangi,600994517,PNBP,19840000,APBN,KEMENTERIAN,Kementerian Ketenagakerjaan,false,152210,,Balai Pelatihan Vokasi dan Produktivitas Banyuwangi,2026,5407682,,true,K34,43532446,Kementerian Ketenagakerjaan,57dbe10c-25b3-5ac2-8bdd-35321ac7748f.MYYEmXEb4YHh-NYV.ZIL-yX29u6BA9DGulrXaCU4OlN8C1BDI7zfwmv4ss68
13834096,K34,DL.4057.SCO.037.053.0B.521115,2026,452652,Terumumkan,Balai Besar Pelatihan Vokasi dan Produktivitas Makassar,593906482,RUPIAH MURNI,6940000,APBN,KEMENTERIAN,Kementerian Ketenagakerjaan,false,14123,,Balai Besar Pelatihan Vokasi dan Produktivitas Makassar,2026,5299585,,true,K34,43131352,Kementerian Ketenagakerjaan,57dbe10c-25b3-5ac2-8bdd-35321ac7748f.MYYEmXEb4YHh-NYV.ZIL-yX29u6BA9DGulrXaCU4OlN8C1BDI7zfwmv4ss68
13834096,K34,DL.4057.SCO.027.063.0A.526312,2026,452652,Terumumkan,Balai Besar Pelatihan Vokasi dan Produktivitas Makassar,593916044,RUPIAH MURNI,47680000,APBN,KEMENTERIAN,Kementerian Ketenagakerjaan,false,14123,,Balai Besar Pelatihan Vokasi dan Produktivitas Makassar,2026,5299573,,true,K34,43132501,Kementerian Ketenagakerjaan,57dbe10c-25b3-5ac2-8bdd-35321ac7748f.MYYEmXEb4YHh-NYV.ZIL-yX29u6BA9DGulrXaCU4OlN8C1BDI7zfwmv4ss68
13834096,K34,DL.4057.SCO.026.058.0B.521115,2026,452652,Terumumkan,Balai Besar Pelatihan Vokasi dan Produktivitas Makassar,593928342,RUPIAH MURNI,3470000,APBN,KEMENTERIAN,Kementerian Ketenagakerjaan,false,14123,,Balai Besar Pelatihan Vokasi dan Produktivitas Makassar,2026,5299576,,true,K34,43133985,Kementerian Ketenagakerjaan,57dbe10c-25b3-5ac2-8bdd-35321ac7748f.MYYEmXEb4YHh-NYV.ZIL-yX29u6BA9DGulrXaCU4OlN8C1BDI7zfwmv4ss68
13610373,K34,DL.4057.SCO.030.054.0A.522151,2026,051102,Terumumkan,Balai Pelatihan Vokasi dan Produktivitas Banyuwangi,600991840,PNBP,5800000,APBN,KEMENTERIAN,Kementerian Ketenagakerjaan,false,152210,,Balai Pelatihan Vokasi dan Produktivitas Banyuwangi,2026,5407688,,true,K34,43532299,Kementerian Ketenagakerjaan,57dbe10c-25b3-5ac2-8bdd-35321ac7748f.MYYEmXEb4YHh-NYV.ZIL-yX29u6BA9DGulrXaCU4OlN8C1BDI7zfwmv4ss68
13610373,K34,DL.4057.SCO.030.057.0A.521213,2026,051102,Terumumkan,Balai Pelatihan Vokasi dan Produktivitas Banyuwangi,600994374,PNBP,5800000,APBN,KEMENTERIAN,Kementerian Ketenagakerjaan,false,152210,,Balai Pelatihan Vokasi dan Produktivitas Banyuwangi,2026,5407682,,true,K34,43532440,Kementerian Ketenagakerjaan,57dbe10c-25b3-5ac2-8bdd-35321ac7748f.MYYEmXEb4YHh-NYV.ZIL-yX29u6BA9DGulrXaCU4OlN8C1BDI7zfwmv4ss68
13610373,K34,DL.4057.SCO.030.056.O5.265263,2026,051102,Terumumkan,Balai Pelatihan Vokasi dan Produktivitas Banyuwangi,600994298,PNBP,55680000,APBN,KEMENTERIAN,Kementerian Ketenagakerjaan,false,152210,,Balai Pelatihan Vokasi dan Produktivitas Banyuwangi,2026,5407685,,true,K34,43532433,Kementerian Ketenagakerjaan,57dbe10c-25b3-5ac2-8bdd-35321ac7748f.MYYEmXEb4YHh-NYV.ZIL-yX29u6BA9DGulrXaCU4OlN8C1BDI7zfwmv4ss68
13610373,K34,DL.4057.SCO.030.053.0A.522151,2026,051102,Terumumkan,Balai Pelatihan Vokasi dan Produktivitas Banyuwangi,600957723,PNBP,11200000,APBN,KEMENTERIAN,Kementerian Ketenagakerjaan,false,152210,,Balai Pelatihan Vokasi dan Produktivitas Banyuwangi,2026,5407687,,true,K34,43531308,Kementerian Ketenagakerjaan,57dbe10c-25b3-5ac2-8bdd-35321ac7748f.MYYEmXEb4YHh-NYV.ZIL-yX29u6BA9DGulrXaCU4OlN8C1BDI7zfwmv4ss68
13610373,K34,DL.4057.SCO.030.055.0A.521213,2026,051102,Terumumkan,Balai Pelatihan Vokasi dan Produktivitas Banyuwangi,600992117,PNBP,4350000,APBN,KEMENTERIAN,Kementerian Ketenagakerjaan,false,152210,,Balai Pelatihan Vokasi dan Produktivitas Banyuwangi,2026,5407683,,true,K34,43532311,Kementerian Ketenagakerjaan,57dbe10c-25b3-5ac2-8bdd-35321ac7748f.MYYEmXEb4YHh-NYV.ZIL-yX29u6BA9DGulrXaCU4OlN8C1BDI7zfwmv4ss68
13610373,K34,DL.4057.SCO.030.056.0A.522151,2026,051102,Terumumkan,Balai Pelatihan Vokasi dan Produktivitas Banyuwangi,600994245,PNBP,11200000,APBN,KEMENTERIAN,Kementerian Ketenagakerjaan,false,152210,,Balai Pelatihan Vokasi dan Produktivitas Banyuwangi,2026,5407685,,true,K34,43532429,Kementerian Ketenagakerjaan,57dbe10c-25b3-5ac2-8bdd-35321ac7748f.MYYEmXEb4YHh-NYV.ZIL-yX29u6BA9DGulrXaCU4OlN8C1BDI7zfwmv4ss68
13610373,K34,DL.4057.SCO.030.054.O5.265263,2026,051102,Terumumkan,Balai Pelatihan Vokasi dan Produktivitas Banyuwangi,600991716,PNBP,50560000,APBN,KEMENTERIAN,Kementerian Ketenagakerjaan,false,152210,,Balai Pelatihan Vokasi dan Produktivitas Banyuwangi,2026,5407688,,true,K34,43532293,Kementerian Ketenagakerjaan,57dbe10c-25b3-5ac2-8bdd-35321ac7748f.MYYEmXEb4YHh-NYV.ZIL-yX29u6BA9DGulrXaCU4OlN8C1BDI7zfwmv4ss68
13610373,K34,DL.4057.SCO.030.056.0A.521213,2026,051102,Terumumkan,Balai Pelatihan Vokasi dan Produktivitas Banyuwangi,600994325,PNBP,5800000,APBN,KEMENTERIAN,Kementerian Ketenagakerjaan,false,152210,,Balai Pelatihan Vokasi dan Produktivitas Banyuwangi,2026,5407685,,true,K34,43532435,Kementerian Ketenagakerjaan,57dbe10c-25b3-5ac2-8bdd-35321ac7748f.MYYEmXEb4YHh-NYV.ZIL-yX29u6BA9DGulrXaCU4OlN8C1BDI7zfwmv4ss68
13610373,K34,DL.4057.SCO.030.057.0A.522151,2026,051102,Terumumkan,Balai Pelatihan Vokasi dan Produktivitas Banyuwangi,600994413,PNBP,6400000,APBN,KEMENTERIAN,Kementerian Ketenagakerjaan,false,152210,,Balai Pelatihan Vokasi dan Produktivitas Banyuwangi,2026,5407682,,true,K34,43532444,Kementerian Ketenagakerjaan,57dbe10c-25b3-5ac2-8bdd-35321ac7748f.MYYEmXEb4YHh-NYV.ZIL-yX29u6BA9DGulrXaCU4OlN8C1BDI7zfwmv4ss68
13610373,K34,DL.4057.SCO.030.055.O5.265263,2026,051102,Terumumkan,Balai Pelatihan Vokasi dan Produktivitas Banyuwangi,600992062,PNBP,14720000,APBN,KEMENTERIAN,Kementerian Ketenagakerjaan,false,152210,,Balai Pelatihan Vokasi dan Produktivitas Banyuwangi,2026,5407683,,true,K34,43532308,Kementerian Ketenagakerjaan,57dbe10c-25b3-5ac2-8bdd-35321ac7748f.MYYEmXEb4YHh-NYV.ZIL-yX29u6BA9DGulrXaCU4OlN8C1BDI7zfwmv4ss68
13767529,K34,DN.2175.BDC.006.051.0b.522131,2026,259322,Terumumkan,BALAI BESAR PERLUASAN KESEMPATAN KERJA,591353069,PNBP,638220000,APBN,KEMENTERIAN,Kementerian Ketenagakerjaan,false,14075,,BALAI BESAR PERLUASAN KESEMPATAN KERJA,2026,5281619,,true,K34,42916287,Kementerian Ketenagakerjaan,57dbe10c-25b3-5ac2-8bdd-35321ac7748f.MYYEmXEb4YHh-NYV.ZIL-yX29u6BA9DGulrXaCU4OlN8C1BDI7zfwmv4ss68
13610373,K34,DL.4057.SCO.030.051.0A.522151,2026,051102,Terumumkan,Balai Pelatihan Vokasi dan Produktivitas Banyuwangi,600957839,PNBP,6400000,APBN,KEMENTERIAN,Kementerian Ketenagakerjaan,false,152210,,Balai Pelatihan Vokasi dan Produktivitas Banyuwangi,2026,5407684,,true,K34,43531316,Kementerian Ketenagakerjaan,57dbe10c-25b3-5ac2-8bdd-35321ac7748f.MYYEmXEb4YHh-NYV.ZIL-yX29u6BA9DGulrXaCU4OlN8C1BDI7zfwmv4ss68
13767529,K34,DN.2175.BDC.006.051.0b.522131,2026,259322,Terumumkan,BALAI BESAR PERLUASAN KESEMPATAN KERJA,591352347,PNBP,638220000,APBN,KEMENTERIAN,Kementerian Ketenagakerjaan,false,14075,,BALAI BESAR PERLUASAN KESEMPATAN KERJA,2026,5281619,,true,K34,42916134,Kementerian Ketenagakerjaan,57dbe10c-25b3-5ac2-8bdd-35321ac7748f.MYYEmXEb4YHh-NYV.ZIL-yX29u6BA9DGulrXaCU4OlN8C1BDI7zfwmv4ss68
13610373,K34,DL.4057.SCO.030.053.O5.265263,2026,051102,Terumumkan,Balai Pelatihan Vokasi dan Produktivitas Banyuwangi,600957771,PNBP,53760000,APBN,KEMENTERIAN,Kementerian Ketenagakerjaan,false,152210,,Balai Pelatihan Vokasi dan Produktivitas Banyuwangi,2026,5407687,,true,K34,43531310,Kementerian Ketenagakerjaan,57dbe10c-25b3-5ac2-8bdd-35321ac7748f.MYYEmXEb4YHh-NYV.ZIL-yX29u6BA9DGulrXaCU4OlN8C1BDI7zfwmv4ss68
13666446,K34,DN.2175.QEA.002.051.0A.526312,2026,626041,Terumumkan,Direktorat Bina Perluasan Kesempatan Kerja,582858215,PNBP,12230000000,APBN,KEMENTERIAN,Kementerian Ketenagakerjaan,false,179088,,Direktorat Bina Perluasan Kesempatan Kerja,2026,5224494,,true,K34,42092596,Kementerian Ketenagakerjaan,57dbe10c-25b3-5ac2-8bdd-35321ac7748f.MYYEmXEb4YHh-NYV.ZIL-yX29u6BA9DGulrXaCU4OlN8C1BDI7zfwmv4ss68
13610373,K34,DL.4057.SCO.030.053.0A.521213,2026,051102,Terumumkan,Balai Pelatihan Vokasi dan Produktivitas Banyuwangi,600957660,PNBP,5800000,APBN,KEMENTERIAN,Kementerian Ketenagakerjaan,false,152210,,Balai Pelatihan Vokasi dan Produktivitas Banyuwangi,2026,5407687,,true,K34,43531303,Kementerian Ketenagakerjaan,57dbe10c-25b3-5ac2-8bdd-35321ac7748f.MYYEmXEb4YHh-NYV.ZIL-yX29u6BA9DGulrXaCU4OlN8C1BDI7zfwmv4ss68
13610373,K34,DL.4057.SCO.030.052.O5.265263,2026,051102,Terumumkan,Balai Pelatihan Vokasi dan Produktivitas Banyuwangi,600958770,PNBP,42880000,APBN,KEMENTERIAN,Kementerian Ketenagakerjaan,false,152210,,Balai Pelatihan Vokasi dan Produktivitas Banyuwangi,2026,5407686,,true,K34,43531416,Kementerian Ketenagakerjaan,57dbe10c-25b3-5ac2-8bdd-35321ac7748f.MYYEmXEb4YHh-NYV.ZIL-yX29u6BA9DGulrXaCU4OlN8C1BDI7zfwmv4ss68
13610373,K34,DL.4057.SCO.030.054.0A.522151,2026,051102,Terumumkan,Balai Pelatihan Vokasi dan Produktivitas Banyuwangi,600991665,PNBP,11200000,APBN,KEMENTERIAN,Kementerian Ketenagakerjaan,false,152210,,Balai Pelatihan Vokasi dan Produktivitas Banyuwangi,2026,5407688,,true,K34,43532288,Kementerian Ketenagakerjaan,57dbe10c-25b3-5ac2-8bdd-35321ac7748f.MYYEmXEb4YHh-NYV.ZIL-yX29u6BA9DGulrXaCU4OlN8C1BDI7zfwmv4ss68
13610373,K34,DL.4057.SCO.030.051.O5.265263,2026,051102,Terumumkan,Balai Pelatihan Vokasi dan Produktivitas Banyuwangi,600957864,PNBP,21120000,APBN,KEMENTERIAN,Kementerian Ketenagakerjaan,false,152210,,Balai Pelatihan Vokasi dan Produktivitas Banyuwangi,2026,5407684,,true,K34,43531321,Kementerian Ketenagakerjaan,57dbe10c-25b3-5ac2-8bdd-35321ac7748f.MYYEmXEb4YHh-NYV.ZIL-yX29u6BA9DGulrXaCU4OlN8C1BDI7zfwmv4ss68
