tgl_mulai_paket,bukti_pembayaran,nilai_pdn_pct,total_realisasi,status_nontender_pct,pagu,mtd_pemilihan,tahun_anggaran,kd_satker_str,nilai_umk_pct,kd_pkt_dce,kd_nontender_pct,nama_satker,kd_rup,tgl_buat_paket,uraian_pekerjaan,sumber_dana,kd_klpd,kd_satker,nama_ppk,nip_ppk,kategori_pengadaan,nama_paket,jenis_klpd,kd_lpse,hps,informasi_lainnya,nama_klpd,tgl_selesai_paket,status_nontender_pct_ket,alasan_pembatalan,last_update_ref
2026-09-04T15:12:14.462Z,NonSPK,0,1100000,Aktif,15000000,Pengadaan Langsung,2026,450938,0,12001520000,11040682000,SEKRETARIAT JENDERAL KEMNAKER,66942997,2026-08-21T13:34:35.832000Z,,APBN,K34,134194,"A**** H**********, S.S, M.S*.",***************002,Jasa Lainnya,[TU Menteri dan Wakil Menteri] Belanja Pemeliharaan Peralatan dan Mesin-Pemeliharaan Komputer/Notebook,KEMENTERIAN,194,0,,Kementerian Ketenagakerjaan,2026-12-31T00:00:00Z,Paket Sedang Berjalan,,7cc4120c-47e7-51cf-9921-af722035e209.V-m21HgFSxtP5ZZ-.1O2v4w86yNbnJmU_TVEHTrcQJfNbnSVxUPYIoXDpaKs
2026-08-13T15:06:27.791Z,NonSPK,0,3390181,Aktif,3392000,Dikecualikan,2026,450938,0,11984003000,11033623000,SEKRETARIAT JENDERAL KEMNAKER,63915131,2026-08-13T12:32:26.456000Z,"<p>Biaya Langganan Aplikasi Zoom meeting dalam rangka kegiatan Operasional Kantor di Bagian Layanan Pengadaan</p>                    
                ",APBN,K34,134194,"A**** H**********, S.S, M.S*.",***************002,Jasa Lainnya,Operasional PBJ - Langganan Zoom Meeting,KEMENTERIAN,194,0,,Kementerian Ketenagakerjaan,2026-05-18T00:00:00Z,Paket Selesai,,7cc4120c-47e7-51cf-9921-af722035e209.V-m21HgFSxtP5ZZ-.1O2v4w86yNbnJmU_TVEHTrcQJfNbnSVxUPYIoXDpaKs
2026-08-26T17:49:52.714Z,NonSPK,0,36524848,Aktif,63600000,Pengadaan Langsung,2026,450938,0,11972203000,11027999000,SEKRETARIAT JENDERAL KEMNAKER,63913242,2026-08-10T12:29:25.967000Z,"<p>Biaya Kerumahtanggaan PBJ</p>                    
                ",APBN,K34,134194,"A**** H**********, S.S, M.S*.",***************002,Pengadaan Barang,Operasional PBJ - Biaya Kerumahtanggaan PBJ,KEMENTERIAN,194,0,,Kementerian Ketenagakerjaan,2026-12-31T00:00:00Z,Paket Sedang Berjalan,,7cc4120c-47e7-51cf-9921-af722035e209.V-m21HgFSxtP5ZZ-.1O2v4w86yNbnJmU_TVEHTrcQJfNbnSVxUPYIoXDpaKs
2026-08-14T07:42:15.609Z,NonSPK,0,15263300,Aktif,507200000,Pengadaan Langsung,2026,021212,0,11985455000,11034116000,Balai Pelatihan Vokasi dan Produktivitas Bandung Barat,67641396,2026-08-14T07:35:54.364000Z,,APBN,K34,4247194,A*** S***** M******,***************001,Jasa Lainnya,Konsumsi Peserta Pelatihan,KEMENTERIAN,194,0,,Kementerian Ketenagakerjaan,2026-04-23T00:00:00Z,Paket Selesai,,7cc4120c-47e7-51cf-9921-af722035e209.V-m21HgFSxtP5ZZ-.1O2v4w86yNbnJmU_TVEHTrcQJfNbnSVxUPYIoXDpaKs
2026-09-04T12:21:31.136Z,NonSPK,0,1200000,Aktif,6327000,Pengadaan Langsung,2026,450938,0,11998828000,11039532000,SEKRETARIAT JENDERAL KEMNAKER,63881912,2026-08-20T14:39:58.351000Z,,APBN,K34,134194,"A**** H**********, S.S, M.S*.",***************002,Jasa Lainnya,Belanja Pemerliharaan Peralatan Perkantoran - PC,KEMENTERIAN,194,0,,Kementerian Ketenagakerjaan,2026-12-31T00:00:00Z,Paket Sedang Berjalan,,7cc4120c-47e7-51cf-9921-af722035e209.V-m21HgFSxtP5ZZ-.1O2v4w86yNbnJmU_TVEHTrcQJfNbnSVxUPYIoXDpaKs
2026-06-19T18:13:14.983Z,NonSPK,20982889,20982889,Aktif,330000000,Pengadaan Langsung,2026,452542,20982889,11816251000,10951225000,Balai Besar Pelatihan Vokasi dan Produktivitas Bandung,63629683,2026-06-19T17:45:01.110000Z,"<p>Pengadaan Bahan Pelatihan TMT untuk Kejuruan Pengoperasian Mesin Jahit di BLK Sumedang (2 Paket),Pengoperasian Forklift Kelas 2 di Yayasan Pendidikan Karya Nasional,Pelatihan Pengurus Koperasi Desa/Kelurahan Merah Putih Pemula</p>                    
                ",APBN,K34,9878194,C********* D*** R********,***************006,Pengadaan Barang,Bahan Pelatihan Tailor Made Training (PNBP),KEMENTERIAN,194,0,,Kementerian Ketenagakerjaan,2026-04-24T00:00:00Z,Paket Selesai,,7cc4120c-47e7-51cf-9921-af722035e209.V-m21HgFSxtP5ZZ-.1O2v4w86yNbnJmU_TVEHTrcQJfNbnSVxUPYIoXDpaKs
2026-08-12T13:18:50.576Z,NonSPK,0,25697051,Aktif,190155000,Pengadaan Langsung,2026,021212,0,11980291000,11031789000,Balai Pelatihan Vokasi dan Produktivitas Bandung Barat,67379607,2026-08-12T13:15:28.800000Z,,APBN,K34,4247194,A*** S***** M******,***************001,Pengadaan Barang,Bahan Pelatihan Pariwisata dan Industri Kreatif,KEMENTERIAN,194,0,,Kementerian Ketenagakerjaan,2026-05-08T00:00:00Z,Paket Selesai,,7cc4120c-47e7-51cf-9921-af722035e209.V-m21HgFSxtP5ZZ-.1O2v4w86yNbnJmU_TVEHTrcQJfNbnSVxUPYIoXDpaKs
2026-07-07T13:12:15.014Z,NonSPK,47969955,47969955,Aktif,182302000,Pengadaan Langsung,2026,352631,0,11868144000,10978059000,Balai Pelatihan Vokasi dan Produktivitas Belitung,66453149,2026-07-07T08:12:59.464000Z,"<p>Pengadaan Bahan Pelatihan Service Sepeda Motor Sistem Injeksi dan Peracikan Minuman Kopi Sebanyak 2 (Dua) Paket Pelatihan Non Boarding PBK BPVP Belitung di UPTD BLK Disnaker Prov Babel <br></p>                    
                ",APBN,K34,336194,L***** F*****,***************001,Pengadaan Barang,Pengadaan Bahan Pelatihan Service Sepeda Motor Sistem Injeksi dan Peracikan Minuman Kopi Sebanyak 2 (Dua) Paket Pelatihan Non Boarding PBK BPVP Belitung di UPTD BLK Disnaker Prov Babel,KEMENTERIAN,194,0,,Kementerian Ketenagakerjaan,2026-06-15T00:00:00Z,Paket Selesai,,7cc4120c-47e7-51cf-9921-af722035e209.V-m21HgFSxtP5ZZ-.1O2v4w86yNbnJmU_TVEHTrcQJfNbnSVxUPYIoXDpaKs
2026-08-07T09:10:52.657Z,NonSPK,0,26477567,Aktif,438000000,Pengadaan Langsung,2026,021212,0,11967049000,11025923000,Balai Pelatihan Vokasi dan Produktivitas Bandung Barat,67364350,2026-08-07T09:04:28.354000Z,,APBN,K34,4247194,A*** S***** M******,***************001,Pengadaan Barang,Bahan Uji Kompetensi,KEMENTERIAN,194,0,,Kementerian Ketenagakerjaan,2026-07-08T00:00:00Z,Paket Selesai,,7cc4120c-47e7-51cf-9921-af722035e209.V-m21HgFSxtP5ZZ-.1O2v4w86yNbnJmU_TVEHTrcQJfNbnSVxUPYIoXDpaKs
2026-09-04T15:11:24.717Z,NonSPK,0,,Aktif,9000000,Pengadaan Langsung,2026,450938,0,12016162000,11046254000,SEKRETARIAT JENDERAL KEMNAKER,66943052,2026-08-28T09:04:17.905000Z,,APBN,K34,134194,"A**** H**********, S.S, M.S*.",***************002,Jasa Lainnya,[TU Menteri dan Wakil Menteri] Belanja Pemeliharaan Peralatan dan Mesin-Pemeliharaan Printer,KEMENTERIAN,194,0,,Kementerian Ketenagakerjaan,2026-12-31T00:00:00Z,Paket Sedang Berjalan,,7cc4120c-47e7-51cf-9921-af722035e209.V-m21HgFSxtP5ZZ-.1O2v4w86yNbnJmU_TVEHTrcQJfNbnSVxUPYIoXDpaKs
2026-08-06T09:25:21.096Z,NonSPK,100,91165314,Aktif,190155000,Pengadaan Langsung,2026,021212,100,11963743000,11024362000,Balai Pelatihan Vokasi dan Produktivitas Bandung Barat,67379607,2026-08-06T09:13:15.111000Z,,APBN,K34,4247194,A*** S***** M******,***************001,Pengadaan Barang,Bahan Pelatihan pariwisata dan Industri Kreatif,KEMENTERIAN,194,0,,Kementerian Ketenagakerjaan,2026-04-19T00:00:00Z,Paket Selesai,,7cc4120c-47e7-51cf-9921-af722035e209.V-m21HgFSxtP5ZZ-.1O2v4w86yNbnJmU_TVEHTrcQJfNbnSVxUPYIoXDpaKs
2026-08-06T08:11:37.905Z,NonSPK,15000000,15000000,Aktif,15000000,Pengadaan Langsung,2026,259322,15000000,11961305000,11023285000,BALAI BESAR PERLUASAN KESEMPATAN KERJA,63289314,2026-08-05T11:28:29.870000Z,"<p>Spesifikasi Mutu/Kualitas:</p><p>1.	Penyedia jasa wajib melakukan pemeliharaan kendaraan bermotor roda 4 (Pengecatan Mobil Innova Nopol D 1218 U) dengan standar pengerjaan bengkel Body Repair &amp; Paint yang terampil untuk mengembalikan kondisi eksterior kendaraan menjadi baik dan rapi. Penyedia jasa wajib memastikan seluruh tahapan pengecatan berjalan sesuai standar kualitas dan menyampaikan hasilnya kepada user;&nbsp;</p><p>2.	Rincian kebutuhan tahapan pengerjaan, deskripsi tugas, dan standar penilaiannya adalah sebagai berikut:</p><p>a. Persiapan (Preparation)	Pembersihan bodi dari debu, karat, dan cat kusam. Pendempulan (putty) pada bodi yang penyok/baret. Pengamplasan dan pelapisan Epoxy Primer. 1 kali pengerjaan	Bodi kembali rata, bebas karat, dan lapisan dasar merekat kuat.</p><p>b. Bahan &amp; Pengecatan (Painting)	Penggunaan cat berjenis Polyurethane (PU) dengan proses pencampuran warna yang presisi serta aplikasi pengecatan di dalam ruang yang tertutup/terlindungi dari debu lingkungan.	1 kali pengerjaan	Warna sesuai (matching) dengan warna asli, kering merata, dan minim kotoran/debu menempel.</p><p>c. Penyelesaian (Finishing)	Pelapisan pelindung (Clear Coat / Vernis PU) anti-gores, dilanjutkan dengan proses kompon dan pemolesan (Polishing) bodi secara menyeluruh. 1 kali pengerjaan	Mengkilap (glossy), mulus, tidak belang, serta tidak ada efek cat menetes.</p><p>d. Perlindungan Kendaraan (Masking &amp; Covering)	Penutupan bagian kendaraan yang tidak dicat (kaca, karet, velg) dan pelapisan interior.	Selama pengerjaan	Tidak ada noda cat (overspray) pada kaca, karet, velg, atau area ruang mesin. Interior mobil bersih.</p><p>e. Bongkar Pasang Komponen (Assembly)	Pelepasan dan pemasangan kembali bagian bodi seperti bumper, lampu, lis, dan karet pintu jika diperlukan.	Sesuai kebutuhan	Komponen terpasang kembali dengan presisi, rapat, dan fungsi kelistrikan berjalan normal. Bengkel wajib mengganti klip pengunci yang patah.</p><p>f. Keamanan &amp; Keutuhan Kendaraan	Penyimpanan dan penjagaan mobil selama di area bengkel. Pencatatan kilometer dan volume bahan bakar saat serah terima.	Selama masa perbaikan	Kendaraan aman dari kehilangan. Penyedia jasa bertanggung jawab atas risiko kerusakan tambahan atau kehilangan selama dititipkan.</p><p>3.	Penyedia jasa menjamin pengerjaan dilakukan oleh tenaga kerja/teknisi yang terampil dan berpengalaman dalam bidang perbaikan bodi dan pengecatan;</p><p>4.	Penyedia jasa bertanggung jawab penuh atas Keselamatan dan Kesehatan Kerja (K3) seluruh pekerjanya selama proses perbaikan berlangsung, tanpa membebani pihak BBPKK Bandung Barat.</p><p>Spesifikasi Jumlah</p><p>1.	Jumlah kendaraan yang dibutuhkan pemeliharaan yaitu sebanyak 1 unit yaitu Pengecatan Mobil Toyota Innova (Nopol D 1218 U)	1</p><p>2.	Harga perolehan atas jasa tersebut sudah memperhitungkan :</p><p>a.	Biaya material dan bahan pengecatan;</p><p>b.	Jasa pengerjaan (Body Repair &amp; Paint);</p><p>c.	Biaya pergantian klip/sparepart minor yang rusak akibat proses pembongkaran;</p><p>d.	Management Fee / Keuntungan bengkel;</p><p>e.	Biaya pajak yang berlaku sesuai ketentuan perundang-undangan.</p><p><br></p>                    
                ",APBN,K34,155194,W**** M********,***************002,Jasa Lainnya,Pemeliharaan Kendaraan Roda 4,KEMENTERIAN,194,0,,Kementerian Ketenagakerjaan,2026-07-22T00:00:00Z,Paket Selesai,,7cc4120c-47e7-51cf-9921-af722035e209.V-m21HgFSxtP5ZZ-.1O2v4w86yNbnJmU_TVEHTrcQJfNbnSVxUPYIoXDpaKs
2026-08-20T15:13:21.626Z,NonSPK,7052500,7052500,Aktif,7087000,Pengadaan Langsung,2026,450938,0,11995407000,11038078000,SEKRETARIAT JENDERAL KEMNAKER,66341859,2026-08-19T16:15:48.644000Z,"<p>konsumsi rapat pleno audit kearsipan internal&nbsp;</p>                    
                ",APBN,K34,134194,"A**** H**********, S.S, M.S*.",***************002,Pengadaan Barang,Konsumsi rapat Audit Kearsipan Internal dan Eksternal,KEMENTERIAN,194,0,,Kementerian Ketenagakerjaan,2026-06-25T00:00:00Z,Paket Selesai,,7cc4120c-47e7-51cf-9921-af722035e209.V-m21HgFSxtP5ZZ-.1O2v4w86yNbnJmU_TVEHTrcQJfNbnSVxUPYIoXDpaKs
2026-07-07T14:45:46.199Z,NonSPK,14160000,14160000,Aktif,24000000,Pengadaan Langsung,2026,352631,14160000,11871640000,10980081000,Balai Pelatihan Vokasi dan Produktivitas Belitung,64773985,2026-07-07T14:39:42.635000Z,"<p>Pengadaan Pakaian Kerja Sebanyak 3 (Tiga) Paket Pelatihan Non Boarding PBK BPVP Belitung di UPTD BLK Disnaker Prov Babel </p>                    
                ",APBN,K34,336194,L***** F*****,***************001,Pengadaan Barang,Pengadaan Pakaian Kerja Sebanyak 3 (Tiga) Paket Pelatihan Non Boarding PBK BPVP Belitung di UPTD BLK Disnaker Prov. Kep. Babel,KEMENTERIAN,194,0,,Kementerian Ketenagakerjaan,2026-06-18T00:00:00Z,Paket Selesai,,7cc4120c-47e7-51cf-9921-af722035e209.V-m21HgFSxtP5ZZ-.1O2v4w86yNbnJmU_TVEHTrcQJfNbnSVxUPYIoXDpaKs
2026-08-20T15:12:21.361Z,NonSPK,3563500,3563500,Aktif,3600000,Pengadaan Langsung,2026,450938,0,11997901000,11039110000,SEKRETARIAT JENDERAL KEMNAKER,67688610,2026-08-20T11:21:16.810000Z,"<p>Konsumsi rapat Pemilihan Arsiparis Teladan</p>                    
                ",APBN,K34,134194,"A**** H**********, S.S, M.S*.",***************002,Pengadaan Barang,Konsumsi rapat Pemilihan Arsiparis Teladan,KEMENTERIAN,194,0,,Kementerian Ketenagakerjaan,2026-06-17T00:00:00Z,Paket Selesai,,7cc4120c-47e7-51cf-9921-af722035e209.V-m21HgFSxtP5ZZ-.1O2v4w86yNbnJmU_TVEHTrcQJfNbnSVxUPYIoXDpaKs
2026-08-26T17:49:42.412Z,NonSPK,0,5885000,Aktif,14454000,Pengadaan Langsung,2026,450938,0,11973275000,11028498000,SEKRETARIAT JENDERAL KEMNAKER,63916895,2026-08-10T15:57:37.786000Z,"<p>Pemeliharaan personal komputer PBJ</p>                    
                ",APBN,K34,134194,"A**** H**********, S.S, M.S*.",***************002,Jasa Lainnya,Operasional PBJ - Pemeliharaan personal komputer PBJ,KEMENTERIAN,194,0,,Kementerian Ketenagakerjaan,2026-12-31T00:00:00Z,Paket Sedang Berjalan,,7cc4120c-47e7-51cf-9921-af722035e209.V-m21HgFSxtP5ZZ-.1O2v4w86yNbnJmU_TVEHTrcQJfNbnSVxUPYIoXDpaKs
2026-09-04T12:24:09.593Z,NonSPK,0,40743000,Aktif,50895000,Pengadaan Langsung,2026,450938,0,11810186000,10948832000,SEKRETARIAT JENDERAL KEMNAKER,65872157,2026-06-17T17:07:57.540000Z,,APBN,K34,134194,"A**** H**********, S.S, M.S*.",***************002,Jasa Lainnya,[Protokol]  Belanja Pemeliharaan Kendaraan Dinas,KEMENTERIAN,194,0,,Kementerian Ketenagakerjaan,2026-12-31T00:00:00Z,Paket Sedang Berjalan,,7cc4120c-47e7-51cf-9921-af722035e209.V-m21HgFSxtP5ZZ-.1O2v4w86yNbnJmU_TVEHTrcQJfNbnSVxUPYIoXDpaKs
2026-08-26T16:19:01.373Z,NonSPK,0,4150000,Aktif,9855000,Pengadaan Langsung,2026,450938,0,11971233000,11027508000,SEKRETARIAT JENDERAL KEMNAKER,63918141,2026-08-10T10:09:25.352000Z,"<p>Pemeliharaan personal Laptop PBJ</p>                    
                ",APBN,K34,134194,"A**** H**********, S.S, M.S*.",***************002,Jasa Lainnya,Operasional PBJ - Pemeliharaan personal Laptop PBJ,KEMENTERIAN,194,0,,Kementerian Ketenagakerjaan,2026-12-31T00:00:00Z,Paket Sedang Berjalan,,7cc4120c-47e7-51cf-9921-af722035e209.V-m21HgFSxtP5ZZ-.1O2v4w86yNbnJmU_TVEHTrcQJfNbnSVxUPYIoXDpaKs
2026-09-04T12:30:22.752Z,NonSPK,0,680890,Aktif,16800000,Dikecualikan,2026,450938,0,12037758000,11056285000,SEKRETARIAT JENDERAL KEMNAKER,65860608,2026-09-04T12:29:10.964000Z,,APBN,K34,134194,"A**** H**********, S.S, M.S*.",***************002,Jasa Lainnya,[Protokol] Langganan Aplikasi AI,KEMENTERIAN,194,0,,Kementerian Ketenagakerjaan,2026-12-31T00:00:00Z,Paket Sedang Berjalan,,7cc4120c-47e7-51cf-9921-af722035e209.V-m21HgFSxtP5ZZ-.1O2v4w86yNbnJmU_TVEHTrcQJfNbnSVxUPYIoXDpaKs
2026-09-04T12:17:34.889Z,NonSPK,0,700000,Aktif,1890000,Pengadaan Langsung,2026,450938,0,12001245000,11040580000,SEKRETARIAT JENDERAL KEMNAKER,63883263,2026-08-21T11:57:41.320000Z,,APBN,K34,134194,"A**** H**********, S.S, M.S*.",***************002,Jasa Lainnya,Belanja Pemerliharaan Peralatan Perkantoran - Notebook,KEMENTERIAN,194,0,,Kementerian Ketenagakerjaan,2026-12-31T00:00:00Z,Paket Sedang Berjalan,,7cc4120c-47e7-51cf-9921-af722035e209.V-m21HgFSxtP5ZZ-.1O2v4w86yNbnJmU_TVEHTrcQJfNbnSVxUPYIoXDpaKs
2026-08-12T07:38:20.397Z,NonSPK,0,11641500,Aktif,32320000,Pengadaan Langsung,2026,021212,0,11977872000,11030392000,Balai Pelatihan Vokasi dan Produktivitas Bandung Barat,67640537,2026-08-12T07:32:34.261000Z,,APBN,K34,4247194,A*** S***** M******,***************001,Jasa Lainnya,Konsumsi Peserta,KEMENTERIAN,194,0,,Kementerian Ketenagakerjaan,2026-04-25T00:00:00Z,Paket Selesai,,7cc4120c-47e7-51cf-9921-af722035e209.V-m21HgFSxtP5ZZ-.1O2v4w86yNbnJmU_TVEHTrcQJfNbnSVxUPYIoXDpaKs
2026-08-20T15:03:52.075Z,NonSPK,49722228,49722228,Aktif,50000000,Pengadaan Langsung,2026,450938,0,11998701000,11039485000,SEKRETARIAT JENDERAL KEMNAKER,65502973,2026-08-20T14:21:52.127000Z,"<p>biaya pekerjaan anti rayap gedung arsip jl walang raya</p>                    
                ",APBN,K34,134194,"A**** H**********, S.S, M.S*.",***************002,Jasa Lainnya,Anti Rayap Ruang Arsip Walang,KEMENTERIAN,194,0,,Kementerian Ketenagakerjaan,2026-01-30T00:00:00Z,Paket Selesai,,7cc4120c-47e7-51cf-9921-af722035e209.V-m21HgFSxtP5ZZ-.1O2v4w86yNbnJmU_TVEHTrcQJfNbnSVxUPYIoXDpaKs
2026-06-03T15:16:35.237Z,NonSPK,33735100,33735100,Aktif,90000000,Pengadaan Langsung,2026,452542,33735100,11775545000,10934629000,Balai Besar Pelatihan Vokasi dan Produktivitas Bandung,62511634,2026-06-03T14:59:47.501000Z,"<p>Pemeliharaan Jaringan Air di Lingkungan BBPVP Bandung</p>                    
                ",APBN,K34,9878194,C********* D*** R********,***************006,Pengadaan Barang,Belanja Pemeliharaan Jaringan,KEMENTERIAN,194,0,,Kementerian Ketenagakerjaan,2026-04-24T00:00:00Z,Paket Selesai,,7cc4120c-47e7-51cf-9921-af722035e209.V-m21HgFSxtP5ZZ-.1O2v4w86yNbnJmU_TVEHTrcQJfNbnSVxUPYIoXDpaKs
2026-08-12T13:12:58.072Z,NonSPK,0,75909331,Aktif,852000000,Pengadaan Langsung,2026,021212,0,11980274000,11031780000,Balai Pelatihan Vokasi dan Produktivitas Bandung Barat,67374842,2026-08-12T13:10:13.311000Z,,APBN,K34,4247194,A*** S***** M******,***************001,Pengadaan Barang,Bahan Pelatihan TMT_PNBP,KEMENTERIAN,194,0,,Kementerian Ketenagakerjaan,2026-05-08T00:00:00Z,Paket Selesai,,7cc4120c-47e7-51cf-9921-af722035e209.V-m21HgFSxtP5ZZ-.1O2v4w86yNbnJmU_TVEHTrcQJfNbnSVxUPYIoXDpaKs
2026-09-04T12:24:49.62Z,NonSPK,0,40140000,Aktif,77760000,Pengadaan Langsung,2026,450938,0,11994040000,11037463000,SEKRETARIAT JENDERAL KEMNAKER,63878365,2026-08-19T11:49:54.326000Z,,APBN,K34,134194,"A**** H**********, S.S, M.S*.",***************002,Pengadaan Barang,Belanja Sewa Kendaraan,KEMENTERIAN,194,0,,Kementerian Ketenagakerjaan,2026-12-31T00:00:00Z,Paket Sedang Berjalan,,7cc4120c-47e7-51cf-9921-af722035e209.V-m21HgFSxtP5ZZ-.1O2v4w86yNbnJmU_TVEHTrcQJfNbnSVxUPYIoXDpaKs
2026-08-20T15:02:17.037Z,NonSPK,34079117,34079117,Aktif,34080000,Pengadaan Langsung,2026,450938,0,11997979000,11039147000,SEKRETARIAT JENDERAL KEMNAKER,67688577,2026-08-20T11:32:36.437000Z,"<p>cetak buku Permenaker Nomor 3 Tahun 2026 tentang Tata Naskah Dinas</p>                    
                ",APBN,K34,134194,"A**** H**********, S.S, M.S*.",***************002,Pengadaan Barang,(Persuratan dan Kearsipan ) Cetak Buku Permenaker Tata Naskah Dinas,KEMENTERIAN,194,0,,Kementerian Ketenagakerjaan,2026-04-12T00:00:00Z,Paket Selesai,,7cc4120c-47e7-51cf-9921-af722035e209.V-m21HgFSxtP5ZZ-.1O2v4w86yNbnJmU_TVEHTrcQJfNbnSVxUPYIoXDpaKs
2026-08-10T08:36:27.799Z,NonSPK,0,74551796,Aktif,330000000,Pengadaan Langsung,2026,021212,0,11970544000,11027168000,Balai Pelatihan Vokasi dan Produktivitas Bandung Barat,67380766,2026-08-10T08:32:36.313000Z,,APBN,K34,4247194,A*** S***** M******,***************001,Pengadaan Barang,Bahan Pelatihan Green Job 40 JP,KEMENTERIAN,194,0,,Kementerian Ketenagakerjaan,2026-04-17T00:00:00Z,Paket Selesai,,7cc4120c-47e7-51cf-9921-af722035e209.V-m21HgFSxtP5ZZ-.1O2v4w86yNbnJmU_TVEHTrcQJfNbnSVxUPYIoXDpaKs
2026-09-04T15:09:51.875Z,NonSPK,0,35299101,Aktif,81000000,Pengadaan Langsung,2026,450938,0,12017965000,11047083000,SEKRETARIAT JENDERAL KEMNAKER,66360640,2026-08-28T15:09:16.061000Z,,APBN,K34,134194,"A**** H**********, S.S, M.S*.",***************002,Jasa Lainnya,[TU Menteri dan Wakil Menteri] Belanja Pemeliharaan Peralatan dan Mesin-pengadaan BBM kendaraan dinas operasional kegiatan Wakil Menteri,KEMENTERIAN,194,0,,Kementerian Ketenagakerjaan,2026-12-31T00:00:00Z,Paket Sedang Berjalan,,7cc4120c-47e7-51cf-9921-af722035e209.V-m21HgFSxtP5ZZ-.1O2v4w86yNbnJmU_TVEHTrcQJfNbnSVxUPYIoXDpaKs
2026-08-10T11:58:00.014Z,NonSPK,0,7960000,Aktif,35200000,Pengadaan Langsung,2026,021212,0,11972035000,11027915000,Balai Pelatihan Vokasi dan Produktivitas Bandung Barat,67380817,2026-08-10T11:53:40.249000Z,,APBN,K34,4247194,A*** S***** M******,***************001,Pengadaan Barang,Konsumsi Peserta pelatihan 40 JP,KEMENTERIAN,194,0,,Kementerian Ketenagakerjaan,2026-04-17T00:00:00Z,Paket Selesai,,7cc4120c-47e7-51cf-9921-af722035e209.V-m21HgFSxtP5ZZ-.1O2v4w86yNbnJmU_TVEHTrcQJfNbnSVxUPYIoXDpaKs
2026-08-06T10:33:44.232Z,NonSPK,100,43649071,Aktif,300000000,Pengadaan Langsung,2026,021212,100,11964388000,11024740000,Balai Pelatihan Vokasi dan Produktivitas Bandung Barat,67375086,2026-08-06T10:25:35.339000Z,,APBN,K34,4247194,A*** S***** M******,***************001,Pengadaan Barang,Bahan Pelatihan Tailor Made Training_RM,KEMENTERIAN,194,0,,Kementerian Ketenagakerjaan,2026-04-11T00:00:00Z,Paket Selesai,,7cc4120c-47e7-51cf-9921-af722035e209.V-m21HgFSxtP5ZZ-.1O2v4w86yNbnJmU_TVEHTrcQJfNbnSVxUPYIoXDpaKs
2026-09-04T12:20:57.39Z,NonSPK,0,3775000,Aktif,5850000,Pengadaan Langsung,2026,450938,0,11999144000,11039692000,SEKRETARIAT JENDERAL KEMNAKER,63879838,2026-08-20T15:34:59.401000Z,,APBN,K34,134194,"A**** H**********, S.S, M.S*.",***************002,Jasa Lainnya,Belanja Pemerliharaan Peralatan Perkantoran - Printer,KEMENTERIAN,194,0,,Kementerian Ketenagakerjaan,2026-12-31T00:00:00Z,Paket Sedang Berjalan,,7cc4120c-47e7-51cf-9921-af722035e209.V-m21HgFSxtP5ZZ-.1O2v4w86yNbnJmU_TVEHTrcQJfNbnSVxUPYIoXDpaKs
2026-08-26T15:42:56.233Z,NonSPK,0,3605000,Aktif,9315000,Pengadaan Langsung,2026,450938,0,11974674000,11028989000,SEKRETARIAT JENDERAL KEMNAKER,63917774,2026-08-11T09:33:18.431000Z,<p>Pemeliharaan Printer PBJ</p>,APBN,K34,134194,"A**** H**********, S.S, M.S*.",***************002,Jasa Lainnya,Operasional PBJ - Pemeliharaan Printer PBJ,KEMENTERIAN,194,0,,Kementerian Ketenagakerjaan,2026-12-31T00:00:00Z,Paket Sedang Berjalan,,7cc4120c-47e7-51cf-9921-af722035e209.V-m21HgFSxtP5ZZ-.1O2v4w86yNbnJmU_TVEHTrcQJfNbnSVxUPYIoXDpaKs
2026-04-01T14:50:41.448Z,NonSPK,11406300,11406300,Aktif,129844400,Pengadaan Langsung,2026,452542,11406300,11635346000,10867035000,Balai Besar Pelatihan Vokasi dan Produktivitas Bandung,66405903,2026-04-01T14:30:20.446000Z,<p>Pekerjaan pemeliharaan perbaikan atap dan dak serta perbaikan plafond</p>,APBN,K34,9878194,C********* D*** R********,***************006,Pekerjaan Konstruksi,Belanja Pemeliharaan Gedung dan Bangunan,KEMENTERIAN,194,0,,Kementerian Ketenagakerjaan,2026-03-04T00:00:00Z,Paket Selesai,,7cc4120c-47e7-51cf-9921-af722035e209.V-m21HgFSxtP5ZZ-.1O2v4w86yNbnJmU_TVEHTrcQJfNbnSVxUPYIoXDpaKs
2026-07-07T14:35:24.214Z,NonSPK,4724000,4724000,Aktif,8000000,Pengadaan Langsung,2026,352631,0,11871006000,10979686000,Balai Pelatihan Vokasi dan Produktivitas Belitung,64774668,2026-07-07T13:36:51.842000Z,"<p>Pengadaan Modul Sebanyak 3 (Tiga) Paket Pelatihan Non Boarding PBK BPVP Belitung di UPTD BLK Disnaker Prov Babel<br></p>                    
                ",APBN,K34,336194,L***** F*****,***************001,Pengadaan Barang,"Pengadaan Modul Sebanyak 3 Paket Pelatihan Non Boarding PBK BPVP Belitung di UPTD BLK Disnaker Prov, Kep. Babel",KEMENTERIAN,194,0,,Kementerian Ketenagakerjaan,2026-06-22T00:00:00Z,Paket Selesai,,7cc4120c-47e7-51cf-9921-af722035e209.V-m21HgFSxtP5ZZ-.1O2v4w86yNbnJmU_TVEHTrcQJfNbnSVxUPYIoXDpaKs
2026-03-06T08:31:43.967Z,NonSPK,279500,279500,Ditutup,244538000,Pengadaan Langsung,2026,452542,279500,11604185000,10851964000,Balai Besar Pelatihan Vokasi dan Produktivitas Bandung,66199387,2026-03-06T08:21:45.971000Z,<p>Pembeliaan Air Mineral Merk Cleo Botol 220MLx24 K</p>,APBN,K34,9878194,C********* D*** R********,***************006,Pengadaan Barang,Kebutuhan Dasar Perkantoran di Dalam Negeri (Jawa Barat),KEMENTERIAN,194,0,,Kementerian Ketenagakerjaan,2026-02-12T00:00:00Z,Paket Dibatalkan,Terlewat Upload Bukti Transaksi,7cc4120c-47e7-51cf-9921-af722035e209.V-m21HgFSxtP5ZZ-.1O2v4w86yNbnJmU_TVEHTrcQJfNbnSVxUPYIoXDpaKs
2026-08-13T15:45:39.967Z,NonSPK,0,769000,Aktif,775000,Dikecualikan,2026,450938,0,11984705000,11033933000,SEKRETARIAT JENDERAL KEMNAKER,63915851,2026-08-13T15:11:29.261000Z,"<p>Biaya Langganan Aplikasi Canva dalam rangka kegiatan Operasional Kantor di Bagian Layanan Pengadaan</p>                    
                ",APBN,K34,134194,"A**** H**********, S.S, M.S*.",***************002,Jasa Lainnya,Operasional PBJ - Langganan Canva PBJ,KEMENTERIAN,194,0,,Kementerian Ketenagakerjaan,2026-06-14T00:00:00Z,Paket Selesai,,7cc4120c-47e7-51cf-9921-af722035e209.V-m21HgFSxtP5ZZ-.1O2v4w86yNbnJmU_TVEHTrcQJfNbnSVxUPYIoXDpaKs
2026-09-01T11:17:01.407Z,NonSPK,0,1640000,Aktif,7452000,Pengadaan Langsung,2026,450938,0,12007208000,11042622000,SEKRETARIAT JENDERAL KEMNAKER,66113845,2026-08-25T14:30:09.944000Z,,APBN,K34,134194,L***** F******,***************012,Jasa Lainnya,Pemeliharaan Laptop (PAL),KEMENTERIAN,194,0,,Kementerian Ketenagakerjaan,2026-12-31T00:00:00Z,Paket Sedang Berjalan,,7cc4120c-47e7-51cf-9921-af722035e209.V-m21HgFSxtP5ZZ-.1O2v4w86yNbnJmU_TVEHTrcQJfNbnSVxUPYIoXDpaKs
2026-08-10T07:47:09.826Z,NonSPK,0,,Ditutup,330000000,Pengadaan Langsung,2026,021212,0,11970293000,11027009000,Balai Pelatihan Vokasi dan Produktivitas Bandung Barat,67380766,2026-08-10T07:43:46.434000Z,,APBN,K34,4247194,A*** S***** M******,***************001,Pengadaan Barang,Bahan Pelatihan Green Job 40 JP,KEMENTERIAN,194,0,,Kementerian Ketenagakerjaan,2026-04-17T00:00:00Z,Paket Dibatalkan,belum diisi nilai realisais dan penyedia,7cc4120c-47e7-51cf-9921-af722035e209.V-m21HgFSxtP5ZZ-.1O2v4w86yNbnJmU_TVEHTrcQJfNbnSVxUPYIoXDpaKs
2026-09-04T15:12:55.867Z,NonSPK,0,3600000,Aktif,20000000,Pengadaan Langsung,2026,450938,0,12001459000,11040657000,SEKRETARIAT JENDERAL KEMNAKER,65929191,2026-08-21T13:22:12.168000Z,,APBN,K34,134194,"A**** H**********, S.S, M.S*.",***************002,Pengadaan Barang,[TU Menteri dan Wakil Menteri] Belanja Barang Persediaan Barang Konsumsi-Cetak Amplop Surat Menteri,KEMENTERIAN,194,0,,Kementerian Ketenagakerjaan,2026-12-31T00:00:00Z,Paket Sedang Berjalan,,7cc4120c-47e7-51cf-9921-af722035e209.V-m21HgFSxtP5ZZ-.1O2v4w86yNbnJmU_TVEHTrcQJfNbnSVxUPYIoXDpaKs
2026-07-07T13:35:30.485Z,NonSPK,14160000,14160000,Ditutup,24000000,Pengadaan Langsung,2026,352631,0,11870861000,10979607000,Balai Pelatihan Vokasi dan Produktivitas Belitung,64773985,2026-07-07T13:18:50.483000Z,<p>Pengadaan Pakaian Kerja Sebanyak 3 (Tiga) Paket Pelatihan Non Boarding PBK BPVP Belitung di UPTD BLK Disnaker Prov Babel </p>,APBN,K34,336194,L***** F*****,***************001,Pengadaan Barang,Pengadaan Pakaian Kerja Sebanyak 5 (Lima) Paket Pelatihan Non Boarding PBK BPVP Belitung di UPTD BLK Disnaker Prov. Kep. Babel,KEMENTERIAN,194,0,,Kementerian Ketenagakerjaan,2026-06-18T00:00:00Z,Paket Dibatalkan,Kesalahan menulis jumlah paket,7cc4120c-47e7-51cf-9921-af722035e209.V-m21HgFSxtP5ZZ-.1O2v4w86yNbnJmU_TVEHTrcQJfNbnSVxUPYIoXDpaKs
2026-08-10T11:42:04.253Z,NonSPK,0,10188800,Aktif,64000000,Pengadaan Langsung,2026,021212,0,11971908000,11027864000,Balai Pelatihan Vokasi dan Produktivitas Bandung Barat,67374934,2026-08-10T11:36:39.720000Z,,APBN,K34,4247194,A*** S***** M******,***************001,Pengadaan Barang,Konsumsi Pelatihan TMT_RM,KEMENTERIAN,194,0,,Kementerian Ketenagakerjaan,2026-04-11T00:00:00Z,Paket Selesai,,7cc4120c-47e7-51cf-9921-af722035e209.V-m21HgFSxtP5ZZ-.1O2v4w86yNbnJmU_TVEHTrcQJfNbnSVxUPYIoXDpaKs
2026-08-20T14:32:33.595Z,NonSPK,21288107,21288107,Aktif,21348000,Pengadaan Langsung,2026,450938,0,11998727000,11039494000,SEKRETARIAT JENDERAL KEMNAKER,65502795,2026-08-20T14:26:24.855000Z,pekerjaan anti rayap di gedung arsip jl jend gatot subroto 51,APBN,K34,134194,"A**** H**********, S.S, M.S*.",***************002,Jasa Lainnya,Anti Rayap Ruang Arsip Gatsu 51,KEMENTERIAN,194,0,,Kementerian Ketenagakerjaan,2026-02-02T00:00:00Z,Paket Selesai,,7cc4120c-47e7-51cf-9921-af722035e209.V-m21HgFSxtP5ZZ-.1O2v4w86yNbnJmU_TVEHTrcQJfNbnSVxUPYIoXDpaKs
2026-08-07T08:51:19.42Z,NonSPK,0,44767920,Aktif,111500000,Pengadaan Langsung,2026,021212,0,11966951000,11025871000,Balai Pelatihan Vokasi dan Produktivitas Bandung Barat,67367323,2026-08-07T08:41:18.935000Z,,APBN,K34,4247194,A*** S***** M******,***************001,Pengadaan Barang,Bahan Pelatihan Project Based Learning dan Kejuruan Industri & Jasa,KEMENTERIAN,194,0,,Kementerian Ketenagakerjaan,2026-04-15T00:00:00Z,Paket Selesai,,7cc4120c-47e7-51cf-9921-af722035e209.V-m21HgFSxtP5ZZ-.1O2v4w86yNbnJmU_TVEHTrcQJfNbnSVxUPYIoXDpaKs
2026-08-07T15:23:58.813Z,NonSPK,0,23638962,Aktif,438000000,Pengadaan Langsung,2026,021212,0,11968394000,11026448000,Balai Pelatihan Vokasi dan Produktivitas Bandung Barat,67364350,2026-08-07T15:15:34.691000Z,,APBN,K34,4247194,A*** S***** M******,***************001,Pengadaan Barang,Bahan Uji Kompetensi,KEMENTERIAN,194,0,,Kementerian Ketenagakerjaan,2026-04-13T00:00:00Z,Paket Selesai,,7cc4120c-47e7-51cf-9921-af722035e209.V-m21HgFSxtP5ZZ-.1O2v4w86yNbnJmU_TVEHTrcQJfNbnSVxUPYIoXDpaKs
2026-06-03T15:50:52.73Z,NonSPK,35236000,35236000,Aktif,90000000,Pengadaan Langsung,2026,452542,35236000,11775728000,10934704000,Balai Besar Pelatihan Vokasi dan Produktivitas Bandung,62511634,2026-06-03T15:45:04.691000Z,"<p>Pemeliharaan Jaringan Listrik di Lingkungan BBPVP Bandung</p>                    
                ",APBN,K34,9878194,C********* D*** R********,***************006,Pengadaan Barang,Belanja Pemeliharaan Jaringan,KEMENTERIAN,194,0,,Kementerian Ketenagakerjaan,2026-04-24T00:00:00Z,Paket Selesai,,7cc4120c-47e7-51cf-9921-af722035e209.V-m21HgFSxtP5ZZ-.1O2v4w86yNbnJmU_TVEHTrcQJfNbnSVxUPYIoXDpaKs
2026-08-12T13:05:39.442Z,NonSPK,0,11462400,Aktif,227200000,Pengadaan Langsung,2026,021212,0,11980227000,11031748000,Balai Pelatihan Vokasi dan Produktivitas Bandung Barat,67374957,2026-08-12T13:01:38.357000Z,,APBN,K34,4247194,A*** S***** M******,***************001,Pengadaan Barang,Konsumsi Pelatihan TMT_PNBP,KEMENTERIAN,194,0,,Kementerian Ketenagakerjaan,2026-05-20T00:00:00Z,Paket Selesai,,7cc4120c-47e7-51cf-9921-af722035e209.V-m21HgFSxtP5ZZ-.1O2v4w86yNbnJmU_TVEHTrcQJfNbnSVxUPYIoXDpaKs
2026-08-26T17:49:27.89Z,NonSPK,0,39840000,Aktif,68400000,Pengadaan Langsung,2026,450938,0,11971592000,11027709000,SEKRETARIAT JENDERAL KEMNAKER,63912083,2026-08-10T10:48:39.788000Z,"<p>Pengadaan Sarana Pendukung Pelayanan PBJ</p>                    
                ",APBN,K34,134194,"A**** H**********, S.S, M.S*.",***************002,Pengadaan Barang,Operasional PBJ - Pengadaan Sarana Pendukung Pelayanan PBJ,KEMENTERIAN,194,0,,Kementerian Ketenagakerjaan,2026-12-31T00:00:00Z,Paket Sedang Berjalan,,7cc4120c-47e7-51cf-9921-af722035e209.V-m21HgFSxtP5ZZ-.1O2v4w86yNbnJmU_TVEHTrcQJfNbnSVxUPYIoXDpaKs
2026-08-05T11:41:48.718Z,NonSPK,61584331,61584331,Aktif,300000000,Pengadaan Langsung,2026,021212,61584331,11961332000,11023303000,Balai Pelatihan Vokasi dan Produktivitas Bandung Barat,67375086,2026-08-05T11:33:13.119000Z,"<p><font dir=""auto"" style=""vertical-align: inherit;""><font dir=""auto"" style=""vertical-align: inherit;"">PEKERJAAN PENGADAAN BAHAN PELATIHAN TAILOR MADE TRAINING DUDI ANGKATAN 1 TA 2026</font></font></p>                    
                ",APBN,K34,4247194,A*** S***** M******,***************001,Pengadaan Barang,PENGADAAN BAHAN PELATIHAN TAILOR MADE TRAINING DUDI ANGKATAN 1,KEMENTERIAN,194,0,,Kementerian Ketenagakerjaan,2026-04-06T00:00:00Z,Paket Selesai,,7cc4120c-47e7-51cf-9921-af722035e209.V-m21HgFSxtP5ZZ-.1O2v4w86yNbnJmU_TVEHTrcQJfNbnSVxUPYIoXDpaKs
2026-08-20T15:11:08.404Z,NonSPK,9060000,9060000,Aktif,9075000,Pengadaan Langsung,2026,450938,0,11998184000,11039247000,SEKRETARIAT JENDERAL KEMNAKER,67688603,2026-08-20T12:18:28.461000Z,<p>konsumsi kegiatan sosialisasi TND dan SIKN JIKN</p>,APBN,K34,134194,"A**** H**********, S.S, M.S*.",***************002,Pengadaan Barang,Belanja Bahan (Konsumsi Rapat Bimtek SIKN-JIKN),KEMENTERIAN,194,0,,Kementerian Ketenagakerjaan,2026-04-14T00:00:00Z,Paket Selesai,,7cc4120c-47e7-51cf-9921-af722035e209.V-m21HgFSxtP5ZZ-.1O2v4w86yNbnJmU_TVEHTrcQJfNbnSVxUPYIoXDpaKs
2026-08-12T12:47:16.276Z,NonSPK,0,12476715,Aktif,438000000,Pengadaan Langsung,2026,021212,0,11980167000,11031726000,Balai Pelatihan Vokasi dan Produktivitas Bandung Barat,67364350,2026-08-12T12:43:29.815000Z,,APBN,K34,4247194,A*** S***** M******,***************001,Pengadaan Barang,Bahan Uji Kompetensi,KEMENTERIAN,194,0,,Kementerian Ketenagakerjaan,2026-04-24T00:00:00Z,Paket Selesai,,7cc4120c-47e7-51cf-9921-af722035e209.V-m21HgFSxtP5ZZ-.1O2v4w86yNbnJmU_TVEHTrcQJfNbnSVxUPYIoXDpaKs
2026-09-01T11:27:48.448Z,NonSPK,0,30600000,Aktif,50000000,Pengadaan Langsung,2026,450938,0,12025820000,11050445000,SEKRETARIAT JENDERAL KEMNAKER,67686320,2026-09-01T11:20:20.028000Z,,APBN,K34,134194,L***** F******,***************012,Jasa Lainnya,Sewa Kendaraan Pemindahan BMN (PAL),KEMENTERIAN,194,0,,Kementerian Ketenagakerjaan,2026-12-31T00:00:00Z,Paket Sedang Berjalan,,7cc4120c-47e7-51cf-9921-af722035e209.V-m21HgFSxtP5ZZ-.1O2v4w86yNbnJmU_TVEHTrcQJfNbnSVxUPYIoXDpaKs
2026-08-20T15:04:54.498Z,NonSPK,38900000,39060900,Aktif,39360000,Pengadaan Langsung,2026,450938,0,11998674000,11039469000,SEKRETARIAT JENDERAL KEMNAKER,67691028,2026-08-20T14:16:03.968000Z,"<p>pekerjaan termite control gedung arsip kranji</p>                    
                ",APBN,K34,134194,"A**** H**********, S.S, M.S*.",***************002,Jasa Lainnya,Anti Rayap Ruang Arsip Kranji,KEMENTERIAN,194,0,,Kementerian Ketenagakerjaan,2026-01-29T00:00:00Z,Paket Selesai,,7cc4120c-47e7-51cf-9921-af722035e209.V-m21HgFSxtP5ZZ-.1O2v4w86yNbnJmU_TVEHTrcQJfNbnSVxUPYIoXDpaKs
2026-09-04T15:08:53.973Z,NonSPK,0,8715000,Aktif,27000000,Pengadaan Langsung,2026,450938,0,12018119000,11047146000,SEKRETARIAT JENDERAL KEMNAKER,66361119,2026-08-28T15:54:43.413000Z,,APBN,K34,134194,"A**** H**********, S.S, M.S*.",***************002,Jasa Lainnya,[TU Menteri dan Wakil Menteri] Belanja Pemeliharaan Peralatan dan Mesin-Pemeliharaan kendaraan dinas roda 4,KEMENTERIAN,194,0,,Kementerian Ketenagakerjaan,2026-12-31T00:00:00Z,Paket Sedang Berjalan,,7cc4120c-47e7-51cf-9921-af722035e209.V-m21HgFSxtP5ZZ-.1O2v4w86yNbnJmU_TVEHTrcQJfNbnSVxUPYIoXDpaKs
2026-08-10T09:53:15.685Z,NonSPK,0,13372800,Aktif,64000000,Pengadaan Langsung,2026,021212,0,11971031000,11027400000,Balai Pelatihan Vokasi dan Produktivitas Bandung Barat,67374934,2026-08-10T09:43:18.759000Z,,APBN,K34,4247194,A*** S***** M******,***************001,Pengadaan Barang,Konsumsi Pelatihan TMT_RM,KEMENTERIAN,194,0,,Kementerian Ketenagakerjaan,2026-04-06T00:00:00Z,Paket Selesai,,7cc4120c-47e7-51cf-9921-af722035e209.V-m21HgFSxtP5ZZ-.1O2v4w86yNbnJmU_TVEHTrcQJfNbnSVxUPYIoXDpaKs
2026-09-04T15:08:16.471Z,NonSPK,0,1037000,Aktif,8100000,Pengadaan Langsung,2026,450938,0,12018203000,11047172000,SEKRETARIAT JENDERAL KEMNAKER,66360766,2026-08-28T16:32:27.263000Z,,APBN,K34,134194,"A**** H**********, S.S, M.S*.",***************002,Jasa Lainnya,[TU Menteri dan Wakil Menteri] Belanja Pemeliharaan Peralatan dan Mesin-Pemeliharaan kendaraan dinas roda 2,KEMENTERIAN,194,0,,Kementerian Ketenagakerjaan,2026-12-31T00:00:00Z,Paket Sedang Berjalan,,7cc4120c-47e7-51cf-9921-af722035e209.V-m21HgFSxtP5ZZ-.1O2v4w86yNbnJmU_TVEHTrcQJfNbnSVxUPYIoXDpaKs
2026-09-01T11:17:26.155Z,NonSPK,0,37500000,Aktif,50000000,Pengadaan Langsung,2026,450938,0,11998530000,11039392000,SEKRETARIAT JENDERAL KEMNAKER,66112390,2026-08-20T13:45:14.235000Z,,APBN,K34,134194,L***** F******,***************012,Pengadaan Barang,Cetak Sticker Label BMN (PAL),KEMENTERIAN,194,0,,Kementerian Ketenagakerjaan,2026-12-31T00:00:00Z,Paket Sedang Berjalan,,7cc4120c-47e7-51cf-9921-af722035e209.V-m21HgFSxtP5ZZ-.1O2v4w86yNbnJmU_TVEHTrcQJfNbnSVxUPYIoXDpaKs
2026-09-04T15:10:33.131Z,NonSPK,0,39096299,Aktif,86400000,Pengadaan Langsung,2026,450938,0,12001562000,11040701000,SEKRETARIAT JENDERAL KEMNAKER,66360459,2026-08-21T13:45:18.469000Z,,APBN,K34,134194,"A**** H**********, S.S, M.S*.",***************002,Jasa Lainnya,[TU Menteri dan Wakil Menteri] Belanja Pemeliharaan Peralatan dan Mesin-Pengadaan BBM Kendaraan Dinas Ops. Kegiatan Menteri,KEMENTERIAN,194,0,,Kementerian Ketenagakerjaan,2026-12-31T00:00:00Z,Paket Sedang Berjalan,,7cc4120c-47e7-51cf-9921-af722035e209.V-m21HgFSxtP5ZZ-.1O2v4w86yNbnJmU_TVEHTrcQJfNbnSVxUPYIoXDpaKs
2026-08-12T12:35:15.153Z,NonSPK,0,11929072,Aktif,852000000,Pengadaan Langsung,2026,021212,0,11980111000,11031691000,Balai Pelatihan Vokasi dan Produktivitas Bandung Barat,67374842,2026-08-12T12:31:22.341000Z,,APBN,K34,4247194,A*** S***** M******,***************001,Pengadaan Barang,Bahan Pelatihan TMT_PNBP,KEMENTERIAN,194,0,,Kementerian Ketenagakerjaan,2026-04-27T00:00:00Z,Paket Selesai,,7cc4120c-47e7-51cf-9921-af722035e209.V-m21HgFSxtP5ZZ-.1O2v4w86yNbnJmU_TVEHTrcQJfNbnSVxUPYIoXDpaKs
2026-08-10T11:51:06.612Z,NonSPK,0,14719559,Aktif,15000000,Pengadaan Langsung,2026,021212,0,11971997000,11027896000,Balai Pelatihan Vokasi dan Produktivitas Bandung Barat,62822411,2026-08-10T11:45:54.117000Z,,APBN,K34,4247194,A*** S***** M******,***************001,Pengadaan Barang,Bahan Uji Kompetensi,KEMENTERIAN,194,0,,Kementerian Ketenagakerjaan,2026-04-17T00:00:00Z,Paket Selesai,,7cc4120c-47e7-51cf-9921-af722035e209.V-m21HgFSxtP5ZZ-.1O2v4w86yNbnJmU_TVEHTrcQJfNbnSVxUPYIoXDpaKs
2026-08-31T09:21:05.002Z,NonSPK,0,4868897131,Aktif,8049250000,Dikecualikan,2026,450938,0,12000021000,11040002000,SEKRETARIAT JENDERAL KEMNAKER,66901203,2026-08-21T07:53:11.059000Z,,APBN,K34,134194,L***** F******,***************012,Jasa Lainnya,Belanja Langganan Listrik,KEMENTERIAN,194,0,,Kementerian Ketenagakerjaan,2026-12-31T00:00:00Z,Paket Sedang Berjalan,,7cc4120c-47e7-51cf-9921-af722035e209.V-m21HgFSxtP5ZZ-.1O2v4w86yNbnJmU_TVEHTrcQJfNbnSVxUPYIoXDpaKs
2026-08-31T09:14:30.211Z,NonSPK,0,193578656,Aktif,420000000,Dikecualikan,2026,450938,0,12000288000,11040111000,SEKRETARIAT JENDERAL KEMNAKER,66030701,2026-08-21T08:56:33.722000Z,,APBN,K34,134194,L***** F******,***************012,Jasa Lainnya,Langganan Listrik Wisma Karya Jasa,KEMENTERIAN,194,0,,Kementerian Ketenagakerjaan,2026-12-31T00:00:00Z,Paket Sedang Berjalan,,7cc4120c-47e7-51cf-9921-af722035e209.V-m21HgFSxtP5ZZ-.1O2v4w86yNbnJmU_TVEHTrcQJfNbnSVxUPYIoXDpaKs
2026-04-05T19:31:18.95Z,NonSPK,49276119,49276119,Aktif,60000000,Pengadaan Langsung,2026,352631,49276119,11638866000,10868363000,Balai Pelatihan Vokasi dan Produktivitas Belitung,65598950,2026-04-05T19:20:29.418000Z,"<p>Pengadaan Bahan Pelatihan TMT - RM Non Batch BPVP Belitung</p>                    
                ",APBN,K34,336194,L***** F*****,***************001,Pengadaan Barang,Pengadaan Bahan Pelatihan TMT - RM Non Batch BPVP Belitung,KEMENTERIAN,194,0,,Kementerian Ketenagakerjaan,2026-03-02T00:00:00Z,Paket Selesai,,7cc4120c-47e7-51cf-9921-af722035e209.V-m21HgFSxtP5ZZ-.1O2v4w86yNbnJmU_TVEHTrcQJfNbnSVxUPYIoXDpaKs
2026-09-01T11:15:23.54Z,NonSPK,0,1185000,Aktif,3726000,Pengadaan Langsung,2026,450938,0,12007214000,11042626000,SEKRETARIAT JENDERAL KEMNAKER,66113844,2026-08-25T14:42:20.584000Z,,APBN,K34,134194,L***** F******,***************012,Jasa Lainnya,Pemeliharaan Komputer (PAL),KEMENTERIAN,194,0,,Kementerian Ketenagakerjaan,2026-12-31T00:00:00Z,Paket Sedang Berjalan,,7cc4120c-47e7-51cf-9921-af722035e209.V-m21HgFSxtP5ZZ-.1O2v4w86yNbnJmU_TVEHTrcQJfNbnSVxUPYIoXDpaKs
2026-09-01T11:17:58.075Z,NonSPK,0,2200000,Aktif,6210000,Pengadaan Langsung,2026,450938,0,12004570000,11041703000,SEKRETARIAT JENDERAL KEMNAKER,66113482,2026-08-24T09:50:28.755000Z,,APBN,K34,134194,L***** F******,***************012,Pengadaan Barang,Pemeliharaan Printer (PAL),KEMENTERIAN,194,0,,Kementerian Ketenagakerjaan,2026-12-31T00:00:00Z,Paket Sedang Berjalan,,7cc4120c-47e7-51cf-9921-af722035e209.V-m21HgFSxtP5ZZ-.1O2v4w86yNbnJmU_TVEHTrcQJfNbnSVxUPYIoXDpaKs
2026-07-07T09:08:34.985Z,NonSPK,40488650,40488650,Aktif,182302000,Pengadaan Langsung,2026,352631,0,11868135000,10978054000,Balai Pelatihan Vokasi dan Produktivitas Belitung,66453149,2026-07-07T08:10:37.773000Z,<p>Pengadaan Bahan Pelatihan Pengoperasian Mesin Bubut Sebanyak 1 (Satu) Paket Pelatihan Non Boarding PBK BPVP Belitung di UPTD BLK Disnaker Prov Babel <br><br></p>,APBN,K34,336194,L***** F*****,***************001,Pengadaan Barang,Pengadaan Bahan Pelatihan Pengoperasian Mesin Bubut Sebanyak 1 (Satu) Paket Pelatihan Non Boarding PBK BPVP Belitung di UPTD BLK Disnaker Prov Babel,KEMENTERIAN,194,0,,Kementerian Ketenagakerjaan,2026-06-11T00:00:00Z,Paket Sedang Berjalan,,7cc4120c-47e7-51cf-9921-af722035e209.V-m21HgFSxtP5ZZ-.1O2v4w86yNbnJmU_TVEHTrcQJfNbnSVxUPYIoXDpaKs
